{"Mode1": [0.036225993689035604, 0.06737502067176582], "Mode2": [0.03677505879455089, 0.06700857709559571], "Periods": [0.4459290842485191, 0.43276881141962575], "Damping": [0.0500000000000001, 0.0500000000000001], "CircFreq": [14.090099814341617, 14.518572367931615]}