{"Mode1": [-0.005964898277063127, -0.014211289564517626, -0.023653065267715927, -0.03269200792780006, -0.03962256556424901, -0.04393909362851288], "Mode2": [0.006558743349735352, 0.014813157057507591, 0.024109360658037274, 0.03287016921942139, 0.03944018330737404, 0.043320145772176355], "Periods": [1.0696557072644766, 0.9345235233241853], "Damping": [0.05000000000000002, 0.05000000000000002], "CircFreq": [5.874025880017152, 6.7234105406247275]}