{"Mode1": [-0.007126049738132333, -0.015043128681809495, -0.023745833337090523, -0.03239049466302207, -0.03940330285064993, -0.04384137411258287], "Mode2": [0.007333469349511245, 0.01528798588828722, 0.02401061596336977, 0.03257723067606929, 0.03934077891371695, 0.04341503861294977], "Periods": [1.0504376886518945, 1.0139613170961088], "Damping": [0.05000000000000012, 0.050000000000000114], "CircFreq": [5.981492643550585, 6.196671609893409]}