{"Mode1": [0.011960222646242934, 0.02723584639510471, 0.04248551860701503, 0.05335722403917852], "Mode2": [-0.012510288291252123, -0.027641761606262867, -0.04265485232427018, -0.05277666714316276], "Periods": [0.5774262843357864, 0.5339132255100182], "Damping": [0.04999999999999999, 0.04999999999999999], "CircFreq": [10.881363522284296, 11.768176937699197]}