{"Mode1": [0.013539158577604408, 0.02876904110703646, 0.04276978296376936, 0.05159710520899854], "Mode2": [-0.013928161934868259, -0.02957100369506097, -0.04300832164122375, -0.05066078605454148], "Periods": [1.0239513907602191, 1.0200975298762924], "Damping": [0.049999999999998844, 0.04999999999999884], "CircFreq": [6.136214437400899, 6.159396649006247]}