{"Mode1": [0.01197921956677119, 0.027223437394370435, 0.04240660404243503, 0.05343683523152194], "Mode2": [-0.01281277479554986, -0.027755865284522147, -0.04238627566020535, -0.05287968076283395], "Periods": [0.6304800570305349, 0.5749584480830943], "Damping": [0.049999999999999975, 0.04999999999999998], "CircFreq": [9.96571618263777, 10.928068503259086]}