{"Mode1": [0.03758013183267196, 0.0664575462138575], "Mode2": [0.037694628438471794, 0.06637783330752135], "Periods": [0.34006470635237024, 0.34206493363581986], "Damping": [0.05000000000000021, 0.05000000000000021], "CircFreq": [18.4764404826799, 18.368399357383392]}