{"Mode1": [-0.007190572218708725, -0.01533277797796782, -0.02434681845433449, -0.03287378128304703, -0.03930690198851752, -0.0429556013982435], "Mode2": [0.0072196341839196754, 0.015257081853323645, 0.024294188483405, 0.0328635162650641, 0.03933235588276896, 0.04300033630248043], "Periods": [1.1984495244791327, 1.175954200355037], "Damping": [0.050000000000000315, 0.050000000000000315], "CircFreq": [5.2427617340916965, 5.343052735627463]}