{"Mode1": [-0.007004009053374991, -0.015090357681562982, -0.024338830510133913, -0.03299957722576125, -0.039379591250369744, -0.04290417476775905], "Mode2": [0.00713136358019853, 0.015213469302393336, 0.024433115204468087, 0.033031825906413105, 0.039338043612577624, 0.04277529012655033], "Periods": [1.2364095379049993, 1.2095939641121587], "Damping": [0.04999999999999996, 0.04999999999999996], "CircFreq": [5.081799447961199, 5.194458217879287]}