{"Mode1": [0.036975978674383646, 0.0668725980654865], "Mode2": [0.03794829539972489, 0.06620002107335952], "Periods": [0.4974585138290094, 0.5231749854007355], "Damping": [0.05000000000000002, 0.05000000000000002], "CircFreq": [12.630571459752511, 12.009720423400719]}