{"Mode1": [0.01252356928404977, 0.02819680280675493, 0.042628631933125126, 0.0524369971081529], "Mode2": [-0.01310554412382055, -0.029118422262337205, -0.04290443180935329, -0.05135596638992044], "Periods": [0.8407386984897682, 0.8144992678338207], "Damping": [0.049999999999999975, 0.049999999999999975], "CircFreq": [7.4734103693170875, 7.714169374135671]}