{"Mode1": [-0.0067351887020379465, -0.014849613080145558, -0.024029889996459927, -0.03280373136743468, -0.039454163237742965, -0.043371998655533296], "Mode2": [0.007036384917529535, 0.01516061255674548, 0.024326184751284098, 0.032951159963808895, 0.03933210034640551, 0.04297522871316817], "Periods": [1.1482988646253995, 1.0883217787930681], "Damping": [0.04999999999999989, 0.04999999999999989], "CircFreq": [5.471733449139393, 5.773279033474402]}