{"Mode1": [0.03630868655349321, 0.06732031131570092], "Mode2": [0.036434823087755905, 0.06723653335950291], "Periods": [0.32169172356273185, 0.3190261704615235], "Damping": [0.04999999999999964, 0.04999999999999964], "CircFreq": [19.53169710924915, 19.69488991479894]}