{"Mode1": [0.03539349035914943, 0.0679164566851352], "Mode2": [0.03606459573052219, 0.06748131469863249], "Periods": [0.3763974861359434, 0.3894081984423571], "Damping": [0.05000000000000006, 0.05000000000000006], "CircFreq": [16.692952367142773, 16.135215776946893]}