{"Mode1": [0.011699880879422482, 0.02757232656589794, 0.0425181029175686, 0.05318365331862717], "Mode2": [-0.012368154037521312, -0.028479045758636218, -0.0428294708263253, -0.052092729216054824], "Periods": [0.6868377518577492, 0.645667272163021], "Damping": [0.05000000000000002, 0.05000000000000003], "CircFreq": [9.147990613772924, 9.73130523734085]}